company_id,company_name,year,broad_sector,return_on_equity_pct,return_on_capital_employed_pct,return_on_assets_pct,net_profit_margin_pct,operating_profit_margin_pct,debt_to_equity,interest_coverage,icr_label,free_cash_flow_cr,cfo_quality_score,cfo_quality_label,revenue_cagr_3yr,revenue_cagr_5yr,revenue_cagr_10yr,pat_cagr_3yr,pat_cagr_5yr,pat_cagr_10yr,eps_cagr_3yr,eps_cagr_5yr,eps_cagr_10yr,asset_turnover,dividend_payout_ratio_pct,sales,net_profit,earnings_per_share,market_cap_crore,enterprise_value_crore,pe_ratio,pb_ratio,ev_ebitda,dividend_yield_pct,composite_quality_score,de_previous,de_declining_flag,icr_numeric,score_roe,score_roce,score_npm,score_fcf,score_cfo,score_fcf_positive,score_revenue_growth,score_pat_growth,score_de,score_icr,sprint3_composite_score,sector_relative_score
ABB,Abbott India Ltd,TTM,Industrials,32.46823465801568,36.541512427287145,23.127286732139417,21.183646554566433,25.502802505769868,0.022438496891051634,164.72727272727272,Covered,797.0,1.39,High Quality,7.28,8.19,10.24,17.16,16.73,18.82,17.18,16.74,18.8,1.1263238975544,73.0,6066.0,1285.0,605.0,1536236.24,1619349.16,75.58,4.48,12.63,0.96,50.0,0.03544542032622334,True,164.72727272727272,60.38561373705481,29.903708809503836,70.65249303271197,43.864461015399556,22.61904761904762,100,6.406480117820319,48.52840520191649,99.77771649557339,100.0,53.43,77.67
ADANIENSOL,Adani Energy Solutions Ltd,TTM,Energy,9.461276797721698,7.915753052644284,2.043117291332126,2.665278971899181,29.829404045431918,2.93252116130053,1.8058435438265787,Covered,1095.0,2.51,High Quality,25.21,14.12,67.0,-21.89,-3.56,,-18.29,-3.04,,0.2836960606785336,0.0,22099.0,589.0,6.0,348517.36,439276.19,58.5,9.05,14.83,1.65,50.0,2.916843986722274,False,1.8058435438265787,2.7326968245625016,4.023794913546851,0.0,44.715865260992544,39.285714285714285,100,50.07363770250368,0.0,54.57251609701836,0.14341189063921642,26.92,6.85
ADANIENT,Adani Enterprises Ltd,TTM,Industrials,8.534650424813185,7.984787232004292,2.076768834144944,5.948529483633235,13.579185033867326,1.671358378544375,3.7065060240963854,Covered,-8455.0,1.49,High Quality,13.8,18.71,4.73,97.67,42.38,10.23,91.29,37.42,10.53,0.6004321671876751,5.0,102311.0,6086.0,49.0,187927.97,191237.75,58.87,10.41,33.01,0.83,50.0,1.6096335965628876,False,3.7065060240963854,0.4106726086440218,4.086207183360649,10.961299501296589,17.430930544841576,24.10714285714286,0,83.87334315169367,100.0,74.16340848881924,1.3822407544206257,32.46,29.25
ADANIGREEN,Adani Green Energy Ltd,TTM,Energy,12.812690665039659,7.249772398650458,1.430420271098699,17.881654609534408,75.12520868113522,6.595281675818589,1.8130671506352087,Covered,-13347.0,0.29,Accrual Risk,28.07,33.43,,57.98,,,44.22,,,0.10467043571055559,0.0,10782.0,1928.0,9.0,510512.78,491878.9,45.26,6.24,21.78,0.89,50.0,7.423740416210296,True,1.8130671506352087,11.130972963682963,3.4216965811965547,57.715287541450955,3.454187023227908,6.25,0,100.0,50.0,0.0,0.14812015036867054,23.93,0.0
ADANIPORTS,"Adani Ports & Special Economic Zone Ltd
",TTM,Industrials,15.3548827162833,11.44374462092168,6.926554927819896,34.25447386000071,60.348767710860315,0.9373223691689719,7.025858741798533,Covered,8250.0,0.08,Accrual Risk,18.44,19.09,16.55,25.3,20.82,15.41,25.07,18.82,15.13,0.22830109659056916,16.0,28443.0,9743.0,45.0,675598.01,611165.74,48.9,2.31,31.76,1.16,50.0,1.1772455881380952,True,7.025858741798533,17.501427849371844,7.213373810572021,100.0,65.1581383389046,3.125000000000001,100,86.67157584683358,64.0809187010419,85.56591787777647,3.545754791472041,52.24,74.92
ADANIPOWER,Adani Power Ltd,TTM,Energy,48.27674122146251,18.385823227581948,22.638002804073516,23.213174748398902,38.36230558096981,0.8023177656738903,7.13724884080371,Covered,17651.0,1.01,High Quality,25.4,15.6,11.33,37.2,,,36.41,,,0.5472399439185297,0.0,54650.0,12686.0,33.0,1372183.55,1357949.64,44.57,9.91,24.76,1.65,50.0,1.4175257731958764,True,7.13724884080371,100.0,13.489553046483529,78.60418514190147,92.01737093225908,16.96428571428572,100,60.972017673048605,50.0,87.66307828849664,3.618357513533189,64.75,100.0
AMBUJACEM,Ambuja Cements Ltd,TTM,Materials,11.428984947896565,11.33198908788993,7.2600787606687,11.78386605783866,17.72298325722983,0.01686125048243921,23.664429530201343,Covered,-3295.0,0.3,Accrual Risk,4.28,3.92,12.68,1.42,6.82,10.04,-2.44,3.4,2.66,0.5081135747230352,12.0,32850.0,3871.0,13.0,1281411.04,1198290.68,55.62,9.21,27.67,3.1,50.0,0.016499463688560794,False,23.664429530201343,7.6635579657414645,7.1123381128144105,33.82415005571684,32.17336647524356,6.398809523809524,0,0.0,10.844931173473269,99.86435339584324,14.390574405008893,22.5,0.0
APOLLOHOSP,"Apollo Hospitals
Chain of Indian private hospitals",TTM,Healthcare,13.480392156862745,13.913114353248023,5.5847568988173455,5.979774292833065,13.410523230250623,0.7688869665513264,6.2296137339055795,Covered,383.0,3.18,High Quality,11.76,12.72,14.84,3.37,23.16,13.83,3.95,19.97,13.07,1.1383944570541153,26.0,20469.0,1224.0,82.0,1905622.43,2433382.94,47.72,7.68,16.74,3.22,50.0,0.6989351403678606,False,6.2296137339055795,12.804159782391364,9.44587619464844,11.083716673682973,42.68163766749522,49.25595238095239,100,39.764359351988226,72.97893375922123,88.18239204968356,3.0267719059469775,40.55,7.3
ASIANPAINT,"Asian Paints
Indian Multi-National Paint and Coating Manufacturing Company",TTM,Materials,29.677488252883382,31.75172153570418,18.588007090063876,13.295627458298643,19.181189170566448,0.1321016659547202,32.14537444933921,Covered,3556.0,1.45,High Quality,6.17,11.5,9.85,14.5,10.79,12.49,14.47,11.38,12.33,1.187084044011906,58.0,34831.0,4631.0,48.0,2126725.18,2475080.63,73.37,3.9,23.94,2.42,50.0,0.12087293646823412,False,32.14537444933921,53.392308859637474,25.573365141359567,39.74723170373025,51.74709294020171,23.511904761904763,100,30.78055964653903,25.941136208076653,98.07420972083725,19.91835193891215,46.13,65.59
ATGL,Adani Total Gas Ltd,TTM,Energy,18.65921787709497,18.41541755888651,10.133495145631068,13.841690841276419,23.891421467053462,0.43491620111731844,11.367924528301886,Covered,,,NA,16.68,20.81,,9.48,8.91,,6.27,8.45,,0.6788531553398058,4.0,4826.0,668.0,6.0,1535602.41,1925338.89,56.96,5.76,28.93,0.51,50.0,0.48350901054063244,True,11.367924528301886,25.78172990556329,13.51630862477044,41.88670821198326,50.0,50.0,0,99.33726067746687,18.792303597231726,93.37029119885317,6.375860862695427,43.38,60.76
AXISBANK,Axis Bank Ltd,TTM,Financials,15.832712405189048,2.5207167817120824,1.6374892227113123,21.86824024730853,36.935495901673306,8.249122739980766,1.7657964584241175,Covered,-14556.0,6.35,High Quality,21.44,14.01,13.02,26.53,74.58,13.62,26.49,69.92,10.61,0.0720367478374617,1.0,120659.0,26386.0,85.0,948868.63,929130.29,38.14,4.66,16.87,2.32,50.0,8.876784737365254,True,1.7657964584241175,18.698816722776467,0.0,73.33473133869907,0.0,96.42857142857143,0,49.263622974963184,100.0,0.0,0.1173096837393119,34.71,26.48
BAJAJ-AUTO,Bajaj Auto Ltd,TTM,Consumer Discretionary,26.61418410330778,27.207358942799765,19.59129727531517,15.073619631901842,18.697341513292436,0.06601754022512257,65.10975609756098,Covered,6486.0,3.8,High Quality,13.84,10.32,8.52,6.13,7.18,9.31,7.28,7.88,9.62,1.1404534363562424,29.0,48900.0,7371.0,263.0,653817.3,679803.97,29.91,9.83,20.14,3.59,50.0,0.004223145562291397,False,65.10975609756098,45.71600412236621,21.464907752433398,46.71340560562792,60.11828233479043,58.48214285714286,100,22.09131075110457,12.213856567039317,99.10075999148943,41.40413801952458,48.95,47.4
BAJAJFINSV,Bajaj Finserv Ltd,TTM,Financials,25.850351412279537,11.44874463510097,2.9018542467180857,13.083801271948234,36.01926138298631,4.789368120938867,2.1091895400593472,Covered,-79634.0,1.98,High Quality,22.67,18.36,27.26,25.72,22.48,21.23,22.26,20.34,17.03,0.2053943414307379,2.0,126263.0,16520.0,53.0,1905112.17,1807796.2,15.07,6.08,39.72,2.56,50.0,4.573986683043507,False,2.1091895400593472,43.80192304574993,7.2178942124501,38.917296638210644,0.0,31.398809523809522,0,81.2960235640648,70.39318579359647,25.728270554965405,0.3411291496195351,32.08,16.72
BAJAJHLDNG,Bajaj Holdings & Investment Ltd,TTM,Financials,13.576787656460265,2.8134781808138465,11.302773131167417,431.9676860934795,89.67109059434507,0.0011613545449517945,3804.5,Covered,1469.0,-1.01,Accrual Risk,52.99,31.84,12.71,21.97,19.44,13.95,22.31,19.88,13.85,0.026119918356071883,20.0,1733.0,7486.0,666.0,2191568.13,2726439.01,37.73,9.38,27.47,3.37,50.0,0.0021049296093431716,True,3804.5,13.045716348139036,0.0,100.0,45.784406159824,0.0,100,100.0,58.83337135903871,100.0,100.0,54.71,100.0
BAJFINANCE,Bajaj Finance Ltd,TTM,Financials,18.841921351830603,4.166013587646808,3.845990067652804,24.709773760015413,30.416352221455067,3.824788776468134,654.3793103448276,Covered,-79931.0,0.89,Moderate,25.32,18.75,27.72,29.86,23.93,32.86,28.82,23.31,29.99,0.14630251608816688,15.0,62279.0,15389.0,248.0,2473271.58,2632574.41,69.2,4.11,15.96,0.27,50.0,3.985323328183624,True,654.3793103448276,26.239564805445287,0.6337386632882602,84.46786054560181,0.0,15.17857142857143,0,84.1678939617084,75.9069130732375,40.71203823290338,100.0,39.04,42.56
BANKBARODA,Bank of Baroda,TTM,Financials,15.761863790899902,2.7122786903374316,1.1402758683204666,16.226317824461916,37.423475963397344,12.143718727289434,1.9516108707522997,Covered,-7559.0,1.21,High Quality,19.15,9.49,10.7,36.43,83.02,17.69,37.51,81.14,8.04,0.07153782236255685,21.0,124144.0,20144.0,39.0,590971.02,656699.32,16.89,4.15,24.7,2.62,50.0,12.77989624482414,True,1.9516108707522997,18.52127785397945,0.0,51.22967749084301,19.99085740407417,19.94047619047619,0,15.979381443298971,100.0,0.0,0.23842127492832485,24.5,0.0
BEL,Bharat Electronics Ltd,TTM,Industrials,4744.047619047619,3628.3464566929133,2475.1552795031057,21.047508690614137,26.45654692931634,0.5119047619047619,923.1428571428571,Covered,-1265.0,-1.92,Accrual Risk,11.97,10.72,11.77,23.68,20.0,14.26,25.99,14.87,11.61,125.88819875776397,40.0,21575.0,4541.0,6.0,1354781.06,1259877.04,17.89,9.22,23.14,0.76,50.0,0.52,True,923.1428571428571,100.0,100.0,70.11910483843063,37.97320076569241,0.0,0,25.036818851251848,60.962810860141445,92.1743515228581,100.0,60.53,94.07
BHARTIARTL,Bharti Airtel Ltd,TTM,Communication Services,10.35839213740181,12.995496477326457,1.9361158683224027,8.886144663553686,51.92567437193687,2.6094723973904306,3.6979575454869784,Covered,27809.0,2.93,High Quality,10.08,12.17,4.93,18.49,,10.59,46.48,,10.65,0.3393112060793767,62.0,155478.0,13816.0,22.0,378605.83,429972.49,63.78,6.28,39.71,1.02,50.0,2.914018281912768,True,3.6979575454869784,4.98076962295545,8.61627823333541,22.470876710913302,100.0,45.53571428571429,100,35.714285714285715,50.0,59.59075296350439,1.3766689592425319,43.01,100.0
BHEL,"Bharat Heavy Electricals Limited
",TTM,Industrials,1.1539405843358703,1.3876374121463328,0.4716665551615709,1.7226028722951263,4.064568575078388,0.36238644733611586,2.113941018766756,Covered,-2382.0,0.05,Accrual Risk,6.79,3.78,-1.91,0.0,,-11.14,0.0,,-12.94,0.399628688031043,31.0,25833.0,445.0,1.0,540053.85,682460.17,29.8,11.43,21.59,4.04,50.0,0.22372631060792517,False,2.113941018766756,0.0,0.0,0.0,34.78186337533214,2.6785714285714284,0,0.0,50.0,94.49696780314216,0.34422610609102045,19.95,0.36
BOSCHLTD,Bosch Ltd,TTM,Consumer Discretionary,20.639920424403183,13.756919771957365,14.34745030250648,12.151603498542274,12.921282798833818,0.003232758620689655,237.84615384615384,Covered,1536.0,1.26,High Quality,13.33,11.75,3.56,19.64,26.24,4.53,19.63,26.3,5.2,0.9638144626908672,44.0,17150.0,2084.0,707.0,2599556.05,2628370.51,58.43,6.47,16.07,4.23,50.0,0.004812494324888767,True,237.84615384615384,30.745153582945683,9.30466413938335,35.26494546540005,45.97582926202109,20.68452380952381,100,32.62150220913107,84.69085101528631,100.0,100.0,49.76,51.14
BPCL,Bharat Petroleum Corporation Ltd,TTM,Energy,35.511337343822305,28.649200669564017,13.26907686075349,3.082129528434631,5.9591428205951065,0.7218747934157467,8.129395604395604,Covered,25415.0,1.72,High Quality,8.72,9.38,6.27,5.54,30.23,10.45,5.83,35.52,11.27,2.213651947949293,33.0,445601.0,13734.0,32.0,468662.13,606487.07,68.15,0.72,26.59,1.15,50.0,1.2962146407084938,True,8.129395604395604,68.01129581837756,22.768444865698964,0.0,100.0,27.529761904761905,100,15.169366715758473,99.86310746064339,88.91267876413217,4.265026798902822,55.84,100.0
BRITANNIA,Britannia Industries Ltd,TTM,Consumer Staples,54.14869322506978,47.735597735597736,23.522927689594354,12.346323358849455,18.186035722570168,0.5239786856127886,27.421487603305785,Covered,3050.0,1.18,High Quality,6.85,8.25,8.18,11.98,8.84,11.94,12.21,8.94,11.87,1.8484347442680775,83.0,17244.0,2129.0,89.0,324745.74,376568.58,63.91,4.26,33.95,1.88,50.0,0.8480475382003395,True,27.421487603305785,100.0,40.02403295991564,36.02785794003942,50.30141995942973,19.49404761904762,100,6.848306332842415,18.526123659593885,91.9867952903519,16.839379509639592,49.68,66.75
CANBK,Canara Bank,TTM,Financials,16.716051794688113,3.0948490094827803,1.0033107103630055,13.879489413025997,40.22547574376843,14.867419925542423,1.5798512864381127,Covered,13296.0,0.33,Accrual Risk,19.13,19.13,10.54,39.09,,18.91,37.0,,5.05,0.0719985042520674,19.0,119392.0,16571.0,18.0,496415.88,483983.21,36.74,12.61,25.23,3.81,50.0,15.850052527737208,True,1.5798512864381127,20.9123684986161,0.0,42.03480302812482,79.57486928944887,6.845238095238096,100,86.9661266568483,50.0,0.0,0.0,38.66,41.15
CHOLAFIN,Cholamandalam Investment & Finance Company Ltd,TTM,Financials,17.455213596692694,3.3666952254848512,2.1827093677801463,17.118478357479336,28.673006843836102,6.863420609401317,26.108870967741936,Covered,-38538.0,1.03,High Quality,30.4,20.9,19.74,21.38,29.59,24.12,20.95,28.75,22.59,0.12230192869816066,5.0,22502.0,3852.0,46.0,971931.96,1024979.49,16.79,10.36,13.52,2.83,50.0,6.786421302105117,False,26.108870967741936,22.764627029041108,0.0,54.72516274307229,0.0,17.261904761904763,0,100.0,97.42946231652596,0.0,15.983831829766778,31.16,13.3
CIPLA,"Cipla Ltd
",TTM,Healthcare,15.554557028383135,67.603154227031,12.768573448498447,18.48337719135688,74.40421037026054,0.020931625851868495,24.453771289537713,Covered,1152.0,3.08,High Quality,7.43,9.51,9.05,25.1,27.16,15.03,25.99,26.69,15.25,0.7922417237881536,25.0,26981.0,4987.0,62.0,439803.15,562931.78,59.75,5.93,33.7,0.12,50.0,0.03430597684453369,True,24.453771289537713,18.001789809216966,57.985849958098555,60.07283680848708,44.8787177509214,47.767857142857146,100,16.126656848306332,88.18921590995512,99.80112421801859,14.905057836446483,52.17,92.12
COALINDIA,Coal India Ltd,TTM,Materials,45.16982956605826,98.16700839187479,15.802850255846407,24.47836497349068,66.78424833247819,0.0788468512027076,11.51012891344383,Covered,13617.0,1.97,High Quality,8.55,7.87,6.59,25.5,15.52,9.61,25.99,15.71,9.79,0.6018691588785047,42.0,140328.0,34350.0,56.0,454024.84,574785.39,34.27,14.75,25.15,4.38,50.0,0.07118320924346268,False,11.51012891344383,92.2144196285677,85.61795235100188,83.56120084636842,80.49198594325875,31.25,100,4.0500736377025035,43.92729485131949,98.90146957929257,6.46854796453432,65.96,100.0
DABUR,Dabur India Ltd,TTM,Consumer Staples,18.355969997972835,17.816757189920754,11.980682720296375,14.139953402426286,18.807744838113603,0.13835394283397526,18.93421052631579,Covered,1042.0,2.49,High Quality,4.56,7.46,4.79,0.34,3.98,5.12,0.0,4.56,5.24,0.8205874569992061,53.0,12447.0,1760.0,10.0,56521.84,67755.32,50.95,13.59,12.02,3.42,50.0,0.13083695531037556,False,18.93421052631579,25.021823929072113,12.9750730683967,43.05530102146941,44.56444101597097,38.98809523809524,100,1.030927835051544,0.04563084645220172,97.97708690273636,11.307474751677004,35.41,15.57
DIVISLAB,Divis Laboratories Ltd,TTM,Healthcare,11.78984599513669,13.49639015765434,10.34928848641656,21.31413977246343,29.69584397492454,0.0002210596124088129,972.3333333333334,Covered,992.0,-3.61,Accrual Risk,-1.3,9.81,10.71,-14.72,5.92,7.98,-14.91,5.82,7.99,0.5074385510996119,50.0,8614.0,1836.0,69.0,1615028.67,1501836.03,69.95,12.34,31.81,1.39,50.0,0.0003133077465340331,True,972.3333333333334,8.567836232334683,9.06912509578048,71.16376550195265,44.421587954629864,0.0,100,18.335787923416795,7.42261768955814,100.0,100.0,38.55,0.0
DLF,DLF Ltd,TTM,Real Estate,6.908270142781061,4.464023494860499,4.611555976908361,57.19182973860877,26.9247250392801,0.12259389820192235,6.598445595854923,Covered,1010.0,1.39,High Quality,6.99,2.85,-0.88,38.72,,22.96,38.67,,18.22,0.10880495691479457,45.0,7001.0,4004.0,16.0,1381712.03,1248409.43,46.26,14.32,10.41,2.58,50.0,0.08846551861384562,False,6.598445595854923,0.0,0.903162808090661,100.0,44.47301505671267,22.61904761904762,100,0.0,50.0,98.22190330764309,3.2671720617917046,39.01,100.0
DMART,Avenue Supermarts Ltd,TTM,Consumer Discretionary,13.56294790886726,17.49611197511664,11.978084262233137,4.754164263366718,7.823396780451995,0.031661140228901485,72.078125,Covered,278.0,9.97,High Quality,22.69,18.13,24.41,22.16,15.89,29.07,22.23,16.0,26.51,2.398875873795579,0.0,57213.0,2720.0,42.0,3053088.97,3624591.94,72.53,11.71,36.84,1.94,50.0,0.039992536385122526,True,72.078125,13.011035456257783,12.685184844238991,6.281776188270066,42.3816462386789,100.0,100,79.60235640648013,45.33424595026238,99.63445202910626,45.94603676242648,49.96,52.06
DRREDDY,Dr Reddys Laboratories Ltd,TTM,Healthcare,19.74233736816026,21.361052353252248,14.383702939659617,17.44532325722886,26.61308399244292,0.07085722375592836,33.23550724637681,Covered,509.0,6.59,High Quality,13.17,12.26,7.59,35.66,21.88,8.84,35.02,21.67,9.01,0.7223053120165034,12.0,31229.0,5448.0,64.0,2441803.28,2725256.67,11.73,10.19,14.56,0.09,50.0,0.05784591600103066,False,33.23550724637681,28.49590873806584,16.179391683962518,56.00574116428621,43.0416273820748,100.0,100,36.37702503681885,68.11164347098638,99.02558038695402,20.62888733819737,54.33,100.0
EICHERMOT,Eicher Motors Ltd,TTM,Consumer Discretionary,22.172346910501524,20.206889081455806,17.309106640709494,24.972207594640455,26.165818266924113,0.023219728456636186,117.0,Covered,890.0,9.81,High Quality,18.4,13.3,6.94,36.53,18.49,19.78,36.75,18.42,21.1,0.7153796236210254,35.0,17091.0,4268.0,156.0,222391.83,234358.89,15.62,13.61,19.29,4.41,50.0,0.019212808539026016,False,117.0,34.58524654151997,15.135938278760388,85.49607639316375,44.13016770949402,100.0,100,44.035346097201774,55.2209293482394,99.76558085079881,75.22557268364942,60.53,100.0
GAIL,GAIL (India) Ltd,TTM,Energy,12.861540060002339,10.772236337318176,7.939231170080571,8.48097824090064,12.333830586194987,0.28304998896060884,26.844474761255118,Covered,4360.0,1.65,High Quality,13.62,13.41,8.43,-2.11,3.94,13.83,0.0,5.15,13.67,1.0680883472962681,37.0,136081.0,11541.0,18.0,1531867.57,1613856.89,25.84,9.54,33.07,0.31,50.0,0.274400480539683,False,26.844474761255118,11.253384197976105,6.606278070939878,20.88343453804309,54.04417016656667,26.488095238095237,100,44.84536082474227,0.0,95.7293797011403,16.46328950369417,35.07,33.54
GODREJCP,Godrej Consumer Products Ltd,TTM,Consumer Staples,-4.45308779171297,17.168141592920357,-3.050239234449761,-3.2009609949123803,21.17015262860373,0.2557548817272583,2.6519174041297937,Covered,-1365.0,1.87,High Quality,4.85,7.38,5.52,,,,,,,0.7664201826881253,0.0,14152.0,-453.0,-4.0,1327797.2,1350416.57,33.59,8.07,23.55,3.09,50.0,0.08191967522111063,False,2.6519174041297937,0.0,12.38867409877445,0.0,37.6874946430102,29.761904761904763,0,0.4418262150220885,50.0,96.15338167451175,0.6948726207346486,24.56,0.0
GRASIM,Grasim Industries Ltd,TTM,Industrials,11.196462612658342,9.828704031743781,2.4085451668947577,6.339887394614779,20.060386825753376,1.5470993649397087,2.662397157816006,Covered,-33833.0,0.97,Moderate,12.73,14.97,15.76,-8.12,5.54,12.91,-15.49,0.61,6.12,0.3178182841724175,12.0,137116.0,8693.0,67.0,478951.82,601673.21,79.35,5.68,15.23,0.98,50.0,1.3085646795864976,False,2.662397157816006,7.080882457089204,5.753251448772801,12.49463992104427,0.0,16.36904761904762,0,56.332842415316655,5.97764088523842,76.09364699373319,0.7017031976974539,18.4,0.0
HAL,Hindustan Aeronautics Ltd,TTM,Industrials,3816.5829145728644,2590.993788819876,1687.7777777777776,27.193939783013416,31.950953328625538,0.6180904522613065,383.0625,Covered,1814.0,1.14,High Quality,8.16,7.76,7.07,18.54,24.41,13.5,18.67,24.77,17.65,67.51333333333334,31.0,31154.0,8472.0,127.0,2643616.86,3140281.78,71.89,3.65,8.76,2.77,50.0,0.2655367231638418,False,383.0625,100.0,100.0,94.20082381411822,46.770092283077624,18.898809523809526,100,3.240058910162,77.73214693132557,90.52486387402509,100.0,70.48,100.0
HAVELLS,Havells India Ltd,TTM,Industrials,17.067275412917954,19.90967741935484,10.222794176787582,6.770808144314939,9.711273395560283,0.040687525177924,50.391304347826086,Covered,335.0,0.54,Moderate,14.05,16.98,9.34,5.39,13.75,13.78,5.01,12.89,13.87,1.4952143489101584,44.0,20677.0,1400.0,22.0,2521508.87,2620805.22,45.41,14.08,30.73,2.6,50.0,0.03365529731361304,False,50.391304347826086,21.792496423501657,14.867235809652762,14.182987555479565,42.544498728607756,9.970238095238097,100,71.13402061855672,37.19674499961974,99.49423623885211,31.810828819693775,40.93,48.8
HCLTECH,HCL Technologies Ltd,TTM,Information Technology,23.01393141233172,27.05313357020305,15.867725188372422,14.816838380684775,21.801609602109135,0.08435023365512796,41.867981790591806,Covered,15840.0,1.25,High Quality,10.42,10.29,12.13,8.11,9.09,8.81,8.01,8.97,9.25,1.1101650405025958,90.0,115308.0,17085.0,63.0,412593.29,461362.25,63.63,5.44,31.21,1.99,50.0,0.07329714853604465,False,41.867981790591806,36.69416514142726,21.325476015055262,45.70733658165697,86.84323305048427,20.535714285714285,100,21.870397643593513,19.47676629401475,98.8159800811164,26.255430052774297,47.62,44.25
HDFCBANK,HDFC Bank Ltd,TTM,Financials,14.33974005030719,4.801033923800871,1.6238920508541275,21.934095592391998,62.61253046908717,6.808786667718385,1.4107329968428333,Covered,35669.0,0.9,Moderate,34.27,21.91,20.57,23.67,21.46,21.03,9.66,12.72,15.79,0.07038097917866981,23.0,329022.0,72168.0,91.0,808359.03,976938.14,49.42,4.4,22.54,4.33,50.0,7.39091618930479,True,1.4107329968428333,14.957591496420019,1.2078464592339824,73.5927526016899,100.0,15.327380952380953,100,100.0,66.51456384515933,0.0,0.0,47.91,75.48
HDFCLIFE,HDFC Life Insurance Company Ltd,TTM,Financials,10.732306013909723,645.952868852459,0.5200091183301563,1.7336164807684673,99.28154646131861,0.06477567162143734,194.64785992217898,Covered,-2893.0,2.05,High Quality,14.5,27.96,13.99,9.6,6.14,8.31,10.06,5.92,7.18,0.33527042786773137,27.0,100772.0,1747.0,8.0,47027.6,42921.31,50.59,11.28,31.63,3.22,50.0,0.07311629338874778,True,194.64785992217898,5.917756850282132,100.0,0.0,33.32190508842604,32.44047619047619,0,100.0,8.259183207848505,99.12005116826074,100.0,44.87,64.2
HEROMOTOCO,"Hero MotoCorp Ltd
",TTM,Consumer Discretionary,21.14243742584327,173.7066375307293,14.308109968263679,10.307247244251585,86.13147787919597,0.03423922255494661,37.191603875134554,Covered,3095.0,1.54,High Quality,10.71,6.51,3.83,21.07,2.47,5.75,21.29,2.61,5.78,1.4449202768324858,75.0,40098.0,4133.0,207.0,1593400.88,1475343.49,53.86,12.6,28.27,1.91,50.0,0.034101825168107586,False,37.191603875134554,32.004406158060796,100.0,28.038757074253112,50.429987714636724,24.851190476190478,100,0.0,0.0,99.59440411925883,23.20742337102194,43.77,23.49
HINDALCO,Hindalco Industries Ltd,TTM,Materials,9.567011474761177,113.57952517507476,4.401381743475944,5.574552044924961,87.53180547991678,0.5309290976579428,150.8453846153846,Covered,9789.0,0.91,Moderate,4.72,13.65,7.95,-3.11,27.09,47.34,-2.81,26.93,30.2,0.9360228499109322,8.0,224018.0,12488.0,56.0,722281.1,656285.92,56.45,9.32,27.63,0.98,50.0,0.6359407632428328,True,150.8453846153846,2.997656346249059,99.55206679837394,9.496055777445685,69.5551555669838,15.476190476190476,100,46.61266568483064,87.92303597231728,91.87882764627213,97.28558586461659,55.84,94.06
HINDUNILVR,"Hindustan Unilever Ltd
",TTM,Consumer Staples,20.074973642078955,87.32306174338734,13.099924830230988,17.16697786501971,76.44627439715293,0.028974188761763442,32.80355920602327,Covered,10145.0,1.27,High Quality,6.11,9.51,6.96,6.55,9.75,9.41,6.58,8.21,8.69,0.7885945801322478,96.0,62661.0,10757.0,46.0,548890.59,587463.38,34.51,11.88,7.52,4.32,50.0,0.024232665394402036,False,32.80355920602327,29.329458813602443,75.81418079398243,54.915183829047024,70.57226936373246,20.833333333333332,100,16.126656848306332,21.986462848885846,99.67619111130439,20.347348819076487,49.94,67.68
ICICIBANK,ICICI Bank Ltd,TTM,Financials,17.99027109750765,5.11888931768417,1.9492289334082888,29.031132477804057,69.63240303293806,6.445624336310825,1.2346170089474253,Covered,12547.0,4.39,High Quality,23.69,16.31,12.63,25.47,36.1,15.01,24.81,36.08,13.93,0.06747535915921023,16.0,180551.0,52416.0,70.0,1319221.86,1598760.1,25.76,6.2,38.28,3.43,50.0,6.526373206276982,True,1.2346170089474253,24.105422532088824,1.4952124681983436,100.0,77.43493043055912,67.26190476190476,100,66.20029455081001,100.0,0.0,0.0,53.73,97.09
ICICIGI,ICICI Lombard General Insurance Company Ltd,TTM,Financials,15.7230643179025,145.22875816993462,3.0312124849939974,10.806403158662718,85.5671430410712,0.0028676771814829987,-1662.6666666666667,Covered,486.0,3.49,High Quality,13.29,15.13,18.59,25.59,16.09,15.72,25.18,14.42,14.65,0.3236083907247109,28.0,23301.0,2518.0,51.0,1271789.21,1382030.89,49.0,7.86,36.96,3.46,50.0,0.003351206434316354,True,-1662.6666666666667,18.424050623567197,100.0,29.99445010573702,42.97591497385789,53.86904761904763,100,57.51104565537556,46.094760057799064,100.0,0.0,52.96,94.23
ICICIPRULI,ICICI Prudential Life Insurance Company Ltd,TTM,Financials,7.732848705134029,753.9778779188856,0.28461443272764975,1.2556076934976539,99.5861908936214,0.10904134484325306,82.79849946409432,Covered,105.0,-16.17,Accrual Risk,6.86,29.84,8.45,8.67,-1.81,-5.08,11.87,0.0,-4.42,0.3020290902037117,10.0,77572.0,974.0,7.0,1596987.55,2014403.87,20.83,12.38,22.57,0.35,50.0,0.11892963330029732,True,82.79849946409432,0.0,100.0,0.0,41.88737464643867,0.0,100,100.0,0.0,98.43242856109498,52.933447443979965,43.77,60.12
INDIGO,Interglobe Aviation Ltd,TTM,Consumer Discretionary,892.568306010929,4953.540772532189,668.3306055646481,7.942361002144463,79.1987028610283,0.018579234972677595,19.970006591957812,Covered,9424.0,0.82,Moderate,43.41,16.42,18.57,,,16.63,,,-42.88,56.38625204582652,0.0,76476.0,6074.0,157.0,1040632.92,1061542.29,76.23,7.87,24.64,4.27,50.0,0.015444015444015444,False,19.970006591957812,100.0,100.0,18.773132025219528,68.51232821919375,14.136904761904761,100,67.01030927835053,50.0,99.83766623876944,11.982594125278997,65.85,100.0
INDUSINDBK,IndusInd Bank Ltd,TTM,Financials,14.252273197764223,3.4759622860212316,1.7380834474254032,16.57415721165619,41.02522243082197,6.885742949503957,2.1118579981094423,Covered,-17468.0,0.99,Moderate,16.71,11.23,17.59,20.77,12.95,16.3,20.12,10.2,11.83,0.08884228106460039,14.0,49004.0,8122.0,104.0,1807433.12,1674611.06,8.99,3.7,28.79,1.42,50.0,7.056662150781737,True,2.1118579981094423,14.73840914241746,0.009878592498932335,52.59251232054547,0.0,16.666666666666668,0,28.79234167893962,34.15468856947296,0.0,0.3428684183684917,15.45,0.0
INFY,Infosys Ltd,TTM,Information Technology,29.788006718416632,32.906970717802544,19.297162182032054,17.30567292546941,23.842413180988576,0.09486358890553362,102.08254716981132,Covered,20117.0,1.29,High Quality,9.56,12.0,11.61,7.73,10.72,8.39,8.13,11.43,9.51,1.129760329363329,73.0,159988.0,27687.0,67.0,1112279.92,1372029.68,35.99,8.97,36.7,4.1,50.0,0.11005609558794277,True,102.08254716981132,53.6692560314181,26.61780029397125,55.45859112001883,99.06288391760235,21.13095238095238,100,34.46244477172312,25.67495627043882,98.6526657063159,65.50255698150747,57.38,82.68
IOC,"Indian Oil Corporation
",TTM,Energy,23.53162465856491,18.915027923238778,8.941893540895371,1.4325955205946275,4.324444998916591,0.7230954600718581,4.356516087097822,Covered,39635.0,6.95,High Quality,8.92,9.5,5.41,-24.87,,8.39,-23.69,,10.31,1.6084096601703395,40.0,761485.0,10909.0,8.0,1418164.33,1786391.89,28.61,4.24,33.71,1.25,50.0,1.0662463051366653,True,4.356516087097822,37.99144772404765,13.967995269716454,0.0,100.0,100.0,100,16.05301914580265,50.0,88.89371693824171,1.8059094679105894,52.68,91.21
IRCTC,Indian Railway Catering & Tourism Corporation Ltd,TTM,Consumer Discretionary,34.39628482972136,42.82674772036474,18.240026268264653,26.936026936026934,33.78226711560045,0.018575851393188854,105.625,Covered,667.0,0.9,Moderate,33.34,14.5,15.45,22.05,18.53,24.79,23.31,20.11,1.44,0.7010343129207027,47.0,4455.0,1200.0,15.0,1258520.29,1473943.68,60.44,5.74,32.47,1.08,50.0,0.03389830508474576,True,105.625,65.21709632712391,35.58605057978946,93.19032119756267,43.493043055912686,15.327380952380953,100,52.8718703976436,55.37303216974675,99.83771879926564,67.8114849790754,59.92,98.03
IRFC,Indian Railway Finance Corporation Ltd,TTM,Financials,13.038085361638096,5.746523336036321,1.3218383695952436,24.299308601590962,99.46472381235596,8.378352548852153,1.3235425011125945,Covered,7906.0,1.0,High Quality,9.84,14.92,14.51,2.39,15.42,24.04,0.0,10.76,-31.25,0.05492885738906,31.0,26902.0,6537.0,5.0,2618348.58,2449260.08,9.81,3.91,16.66,2.82,50.0,9.376133031937513,True,1.3235425011125945,11.695787390449599,2.0626424581086047,82.85965792429329,64.1753092768778,16.81547619047619,100,55.96465390279823,43.54703779755114,0.0,0.0,36.51,33.17
ITC,"ITC Ltd
",TTM,Consumer Staples,27.851074395694365,32.63868466782516,22.61590775334045,27.722100219604712,35.456178878019564,0.004066731984914169,542.5,Covered,18742.0,1.05,High Quality,7.4,8.75,6.83,10.34,5.96,7.85,10.06,5.92,7.18,0.7723477995509732,84.0,75135.0,20829.0,16.0,332245.58,369131.93,47.85,3.24,17.19,4.26,50.0,0.004424842744559323,True,542.5,48.81551574358325,26.375248828976698,96.27015657273266,95.13442473072197,17.559523809523814,100,10.530191458026508,7.574720511065481,100.0,100.0,57.42,94.51
JINDALSTEL,Jindal Steel & Power Ltd,TTM,Materials,13.410506363390198,12.14055405672172,7.553764807565204,10.116155860772906,20.646154461304704,0.3716941962270963,8.094354215003866,Covered,-2336.0,0.51,Moderate,-0.75,5.69,9.93,-9.23,,,-3.71,,,0.6400172860847018,3.0,50019.0,5060.0,50.0,396587.97,478682.44,77.64,5.73,20.22,1.9,50.0,0.3370536867669095,False,8.094354215003866,12.629033637122506,7.843343760517511,27.290060972982328,34.91328819176595,9.523809523809526,0,0.0,50.0,94.35238130770608,4.2421872442443185,26.24,7.26
JIOFIN,Jio Financial Services Ltd,TTM,Financials,1.153456416595399,1.104587235082323,1.1079433671814058,81.65650406504065,77.79471544715447,0.0,198.8,Debt Free,763.0,0.64,Moderate,,,,,,,,,,0.012805202156520298,0.0,1968.0,1607.0,3.0,1401774.99,1814281.53,34.24,9.91,26.41,3.09,50.0,0.006510690501226779,True,inf,0.0,0.0,100.0,43.76732093368761,11.458333333333334,100,50.0,50.0,100.0,50.0,45.21,65.46
JSWENERGY,JSW Energy Ltd,TTM,Energy,8.280529953917052,7.15389752886175,2.98613395191026,17.41415557112824,47.14435879467414,1.5156009984639016,2.8948631781084972,Covered,-1963.0,-0.09,Accrual Risk,11.81,6.65,2.02,4.48,12.96,3.88,0.0,9.46,3.24,0.19883324389357246,19.0,11416.0,1988.0,11.0,110870.53,124622.6,24.79,9.88,35.95,1.25,50.0,1.3447313328681088,False,2.8948631781084972,0.0,3.3350182387133236,55.883626160227074,35.97897202937059,0.5952380952380953,0,0.0,34.1927142748498,76.58294236193021,0.853221743876075,22.5,0.0
JSWSTEEL,JSW Steel Ltd,TTM,Materials,11.5528718021347,12.064375531985535,3.937287733986257,1.9451002501849959,13.201075912940318,1.1328071688833383,2.714200477326969,Covered,-2389.0,0.19,Accrual Risk,5.17,18.35,12.39,-45.92,-3.31,6.76,-45.18,-3.81,7.18,0.7679137157851319,25.0,170274.0,3312.0,14.0,2612646.38,3187328.18,69.27,4.37,35.49,2.94,50.0,1.2307329324910572,True,2.714200477326969,7.974004855648098,7.774472446569421,0.0,34.761863946744384,4.761904761904763,0,81.22238586156114,0.0,82.52925859175838,0.7354679760923858,24.08,0.93
KOTAKBANK,"Kotak Mahindra Bank Ltd
",TTM,Financials,14.013018188532914,7.113136699541475,2.372513081844081,35.173996534120185,79.42172888077062,4.003739266919029,1.1673821713078814,Covered,6766.0,-0.39,Accrual Risk,23.82,13.86,17.01,23.06,21.26,21.92,22.81,20.22,18.91,0.07325702420450533,2.0,64053.0,22530.0,113.0,430223.52,548886.13,32.9,1.15,15.52,1.51,50.0,3.745568533457349,False,1.1673821713078814,14.138862290031737,3.2981672773351276,100.0,60.91825947830062,0.0,100,48.15905743740795,65.75404973762264,37.932222772268034,0.0,41.77,52.69
LICI,Life Insurance Corporation of India,TTM,Financials,49.44710986501021,39.05035832114759,0.7696696436280568,4.627577541049831,2.8848149660866014,0.0,371.9375,Debt Free,853.0,15.79,High Quality,7.39,7.37,,115.82,72.56,,,,,0.15913440945875762,15.0,896106.0,41468.0,66.0,183583.67,205478.22,30.67,8.1,12.21,3.77,50.0,0.0,False,inf,100.0,32.17190071531747,5.785809369955227,44.024456444101595,100.0,100,0.3681885125184082,100.0,100.0,50.0,62.94,100.0
LODHA,Macrotech Developers Ltd,TTM,Real Estate,8.895758200240426,9.77867842810029,3.292512394592991,18.498600265212907,28.08310004420215,0.4406663232010991,7.9221789883268485,Covered,-435.0,-0.92,Accrual Risk,13.71,1.76,8.09,27.62,27.61,12.15,27.72,22.67,3.34,0.21856858341455146,14.0,13574.0,2511.0,25.0,1209919.99,1301112.44,51.95,7.65,34.33,4.05,50.0,0.7154702677090736,True,7.9221789883268485,1.3155691490550208,5.708024410497839,60.13248081669866,40.34456158395475,0.0,0,0.0,89.90037265191269,93.28096884925378,4.129965509638751,31.36,0.0
LT,Larsen & Toubro Ltd,TTM,Industrials,77.66510140873214,118.53411200144868,56.44423467905896,6.760688376220796,12.899728316609524,0.10345688880007993,3.6953290870488322,Covered,20445.0,1.25,High Quality,15.13,10.43,10.02,15.73,8.19,12.52,16.49,7.58,11.17,8.027628521638107,36.0,238881.0,16150.0,98.0,1124597.5,1097873.76,30.8,2.48,16.63,1.26,50.0,0.09287608486017358,False,3.6953290870488322,100.0,100.0,14.143338300866812,100.0,20.535714285714285,100,22.901325478645067,16.054452810099622,98.51917745576935,1.374955761757851,62.28,98.11
LTIM,LTIMindtree Ltd,TTM,Information Technology,22.904386052552702,25.207116664403095,16.64609352309033,12.319211398098522,17.32877265749145,0.10345688880007993,26.357142857142858,Covered,1752.0,2.4,High Quality,12.45,27.83,22.25,5.01,24.65,19.52,-11.87,12.1,-4.26,1.2894641301190821,42.0,37129.0,4574.0,154.0,1347046.9,1647384.23,64.52,2.38,18.9,4.43,50.0,0.09287608486017358,False,26.357142857142858,36.41965646610221,19.65653309035146,35.92163326919079,46.59295448701466,37.648809523809526,100,100.0,78.64476386036961,98.51917745576935,16.14565245065458,55.3,74.49
M&M,"Mahindra & Mahindra Ltd
",TTM,Consumer Discretionary,18.537543435564285,11.535315751242587,5.227460570376871,8.916808894189577,18.64654232896712,1.6414413053331318,3.701295556362756,Covered,-11245.0,-1.9,Accrual Risk,17.4,14.12,7.4,21.5,,14.42,21.47,148.62,14.28,0.5925222177725139,21.0,145893.0,13009.0,95.0,4173085.48,3837414.39,14.22,0.81,29.08,2.37,50.0,1.6365716921548452,False,3.701295556362756,25.476827079620833,7.296161237694733,22.591019176301444,9.459729722007943,0.0,0,50.07363770250368,50.0,74.62814006032838,1.3788446344418142,25.77,0.0
MARUTI,Maruti Suzuki India Ltd,TTM,Consumer Discretionary,15.750385351954785,15.59092764270305,11.697772843960314,9.655471617554902,13.611728977433149,0.001389602503619973,116.83018867924528,Covered,4936.0,3.91,High Quality,18.02,13.93,11.07,53.46,19.82,13.92,51.6,18.86,13.47,1.230295566502463,29.0,145213.0,14021.0,446.0,1503863.63,1891991.87,20.78,8.26,29.97,1.78,50.0,0.016729222520107237,True,116.83018867924528,18.492514142983566,10.962749961953703,25.48509996147399,55.68983743321619,60.11904761904761,100,48.674521354933724,60.27834816335843,100.0,75.11489171439183,50.44,54.27
MOTHERSON,Samvardhana Motherson International Ltd,TTM,Consumer Discretionary,11.546549416937488,11.962584369642121,3.58763572429851,3.769358761039294,9.575615732021722,0.7616899254444657,5.545366327025715,Covered,925.0,6.8,High Quality,19.7,12.49,12.18,51.66,26.08,12.3,81.71,24.57,11.61,1.1724203473591674,20.0,109382.0,4123.0,6.0,146151.16,161406.34,9.54,2.38,33.39,2.18,50.0,0.6142882593978265,False,5.545366327025715,7.958161650706488,7.682445315259484,2.4233079168064773,44.230164852432786,100.0,100,38.07069219440354,84.08243972925696,88.29419082759844,2.5807877049593158,45.01,29.21
NAUKRI,Info Edge (India) Ltd,TTM,Communication Services,1.9661621835965897,1.999475547397404,1.6487018204993213,20.698722764838468,28.211870773854248,0.008129006675038002,59.59090909090909,Covered,-150.0,-0.75,Accrual Risk,18.77,15.2,13.78,-65.03,,,-66.88,,33.51,0.07027071960985341,49.0,2662.0,551.0,36.0,563824.44,544283.76,32.88,8.33,11.87,4.29,50.0,0.00806090461262875,False,59.59090909090909,0.0,0.0,68.75256147026508,41.15882403359904,0.0,0,58.02650957290133,50.0,100.0,37.80702015267246,35.74,0.0
NESTLEIND,Nestle India Ltd,TTM,Consumer Staples,117.75449101796407,143.14789687924016,37.37527321106148,16.794703325583747,23.88557565955726,0.10329341317365269,44.45132743362832,Covered,2938.0,2.76,High Quality,5.4,8.19,9.24,11.6,9.8,19.43,10.79,9.1,18.94,2.318160220469448,79.0,19786.0,3323.0,34.0,1677775.19,1677279.88,54.96,14.34,15.49,3.85,50.0,0.11020740138267589,True,44.45132743362832,100.0,100.0,53.45661206508685,49.98142910202566,43.00595238095238,100,6.406480117820319,22.176591375770023,98.52171688481833,27.939223562110726,61.25,100.0
NHPC,"NHPC Ltd
",TTM,Energy,10.407730866621879,5.083984676480081,4.317394985905228,35.26315789473684,51.75438596491229,0.8413260296625498,9.901114206128133,Covered,970.0,5.2,High Quality,1.95,-0.64,1.66,-3.26,0.43,2.02,-9.14,0.0,4.14,0.10324018993108032,53.0,9690.0,3417.0,3.0,1740404.25,2103124.81,71.17,13.74,18.26,1.68,50.0,0.7992208003030221,False,9.901114206128133,5.104407075310757,1.4636559565575982,100.0,44.35873260763978,79.3154761904762,100,0.0,0.0,87.05712423352311,5.4198115989969065,39.47,47.95
NTPC,NTPC Ltd,TTM,Energy,13.273598407068633,8.86082631000827,4.450861504179203,12.12854775891378,28.184106900781096,1.475521125007778,4.747334669338677,Covered,8644.0,3.0,High Quality,11.9,11.17,8.8,9.95,13.63,8.48,10.6,13.9,8.69,0.37243729109201756,36.0,185892.0,22546.0,23.0,907823.11,1142814.16,30.8,5.24,37.12,0.06,50.0,1.5161777408976826,True,4.747334669338677,12.285957291331977,4.878214676035919,35.17461307019974,66.2838204622725,46.577380952380956,100,28.350515463917525,36.74043653509773,77.20554278964019,2.0606403026632023,39.78,48.97
ONGC,Oil & Natural Gas Corpn Ltd,TTM,Energy,16.940398136885513,15.108995188179117,8.044955154739396,6.424834596944863,13.036402335530612,0.45444863084819176,7.967598475222363,Covered,42060.0,4.48,High Quality,10.27,10.67,15.13,-4.96,29.87,9.11,-2.86,29.67,8.95,0.8332173339682772,31.0,658694.0,42320.0,33.0,390111.05,499988.49,18.15,10.36,11.72,1.11,50.0,0.5068823112308345,True,7.967598475222363,21.47455586405873,10.527045523042124,12.827463086801979,100.0,68.60119047619048,100,24.668630338733433,98.49418206707735,93.06687459455749,4.159569382987332,54.25,96.36
PFC,Power Finance Corporation Ltd,TTM,Financials,26.1609340860332,3.4803988753078574,2.54707727671322,28.77985165865189,36.43736245822806,8.521864217426122,0.5832533940330055,Covered,-101229.0,1.03,High Quality,8.78,9.56,14.66,14.6,24.41,16.75,15.07,23.81,13.52,0.0880835748601615,23.0,98152.0,28248.0,64.0,2011885.81,2014246.29,35.6,6.59,15.67,0.42,50.0,8.925568573397657,True,0.5832533940330055,44.580209214356444,0.013889614432949905,100.0,0.0,17.261904761904763,0,16.494845360824744,77.73214693132557,0.0,0.0,27.84,0.98
PIDILITIND,Pidilite Industries Ltd,TTM,Materials,20.780302129178065,26.93139151211742,14.466710831401125,15.29338810944888,22.88194713588094,0.045438325205186154,63.183673469387756,Covered,955.0,0.73,Moderate,9.15,12.08,10.29,17.8,11.95,14.4,16.55,11.55,14.28,1.0254223252732693,47.0,12901.0,1973.0,38.0,162274.18,165749.2,36.12,12.3,5.36,1.01,50.0,0.05421519689406545,True,63.183673469387756,31.09693476195102,21.215411721579656,47.574458570583,44.31587668923745,12.797619047619047,100,35.05154639175258,30.352118031789484,99.42043734993655,40.14874061015907,42.96,56.29
PNB,Punjab National Bank,TTM,Financials,61.320565191187306,,12.652858189053626,12.516576821728123,,3.684256345007701,,Covered,-29445.0,1.02,High Quality,15.06,16.16,9.08,54.94,97.39,15.22,48.12,67.03,-3.2,1.5070262950629396,18.0,116126.0,14535.0,13.0,1825925.6,2365495.49,19.29,10.91,23.64,1.32,50.0,4.895553729571807,True,,100.0,50.0,36.69491106176916,0.0,17.113095238095237,0,65.09572901325478,100.0,42.895067878198425,50.0,48.68,78.34
POWERGRID,Power Grid Corporation of India Ltd,TTM,Energy,17.870011245496066,12.689046909266978,6.208612241806171,34.296690823365054,85.64349951977648,1.4173456039290386,4.6443415405466455,Covered,24176.0,1.3,High Quality,3.25,3.95,10.08,-2.25,7.28,12.03,-1.89,7.21,13.02,0.18276594811604718,67.0,45812.0,15712.0,17.0,372584.24,410018.95,64.39,5.1,23.07,3.09,50.0,1.5487196781731023,True,4.6443415405466455,23.804064512569944,8.339223978423387,100.0,100.0,21.279761904761905,100,0.0,12.594113620807665,78.10924086008262,1.9935106244361593,45.7,68.36
RECLTD,REC Ltd,TTM,Financials,20.39653929343908,9.294489608054098,2.5803050396668312,28.908525927364536,98.77646144882502,6.4249170872386445,1.5883710054559625,Covered,-59554.0,0.93,Moderate,9.45,11.45,9.62,14.04,24.52,10.79,14.47,24.57,11.04,0.08667964267928514,30.0,51490.0,14885.0,57.0,291917.42,315256.49,31.49,4.59,23.95,2.18,50.0,6.551789401238816,True,1.5883710054559625,30.135267121347997,5.270280041582323,100.0,0.0,15.773809523809526,0,30.412371134020617,78.15042969047074,0.3216662383714919,0.0016659150070329532,27.51,0.0
RELIANCE,"Reliance Industries Ltd
",TTM,Energy,9.958650553699458,8.915648413697072,4.502440958879758,8.505827600075758,17.4634351877664,0.5784524141094746,7.611937172774869,Covered,45207.0,20.67,High Quality,10.6,9.51,9.64,5.62,14.92,12.96,4.26,11.95,11.61,0.5122600635424216,10.0,939838.0,79941.0,51.0,432472.71,545039.37,58.34,3.25,24.96,4.21,50.0,0.6309284341334763,True,7.611937172774869,3.97906098978437,4.927778123576046,20.980794335197757,100.0,100.0,100,16.126656848306332,41.64575252870941,91.14060083571815,3.9277536388582113,48.28,76.8
SBILIFE,SBI Life Insurance Company Ltd,TTM,Financials,12.704588140595655,1.140327341024953,0.4755221579767963,1.8535745312247738,0.7741806524028815,0.0,240.33333333333334,Debt Free,-2099.0,15.85,High Quality,16.16,24.32,18.71,16.98,11.14,11.46,16.96,11.38,11.61,0.33137919000549837,14.0,130073.0,2411.0,24.0,886097.71,1097553.71,69.98,9.48,31.04,1.62,50.0,0.0,False,inf,10.86007987570296,0.0,0.0,35.590411702522786,100.0,0,100.0,27.272035896265876,100.0,50.0,42.19,54.25
SBIN,State Bank of India,TTM,Financials,,,,15.855416555762577,-12.60367314346553,,0.34499887346157093,Covered,18156.0,1.07,High Quality,17.44,11.72,8.49,26.05,28.64,15.36,25.99,29.46,13.28,,18.0,469625.0,74461.0,80.0,2400436.05,2686824.35,54.93,2.72,21.53,0.42,50.0,,False,0.34499887346157093,50.0,50.0,49.77648620206589,93.46018685180424,17.85714285714286,100,32.400589101620035,93.81702030572666,50.0,0.0,55.9,100.0
SHREECEM,Shree Cement Ltd,TTM,Materials,8.370767521615225,11.722348942260387,6.205908683974934,8.751641248358752,21.34127865872134,0.07998840747717723,21.152838427947597,Covered,1929.0,6.28,High Quality,9.68,9.0,12.21,10.95,2.34,15.06,10.89,2.42,14.68,0.7348612354521038,16.0,19802.0,1733.0,480.0,3154358.33,2911084.5,25.87,1.21,26.58,3.2,50.0,0.14622236531444516,True,21.152838427947597,0.0,7.4652537957602645,21.943892287383342,47.09865432416216,95.38690476190477,100,12.371134020618555,0.0,98.88373665342597,12.753549639282562,36.31,36.79
SHRIRAMFIN,"Shriram Finance Ltd
",TTM,Financials,15.116350338120824,4.0643421983857175,2.9802711607711085,23.715633152719246,28.637367047963075,3.994034363699512,0.767479674796748,Covered,-31359.0,1.1,High Quality,27.45,19.21,15.82,51.46,30.35,24.84,35.72,20.11,20.11,0.14656859980827017,23.0,39864.0,9454.0,50.0,868933.47,1098024.4,68.53,7.91,28.82,1.86,50.0,3.7737175951461666,False,0.767479674796748,16.903691831309494,0.5418198161644998,80.57281732990045,0.0,18.30357142857143,0,87.55522827687777,100.0,38.08297865980769,0.0,35.04,27.71
SIEMENS,Siemens Ltd,2024-09,Industrials,17.698769290877124,17.7411102583781,10.743507648523657,12.221223021582734,13.956834532374101,0.018167610861496385,67.15,Covered,1168.0,0.73,Moderate,19.0,11.19,7.61,35.65,19.85,16.25,34.84,19.64,16.15,0.8790861298865568,16.0,22240.0,2718.0,76.0,,,,,,,41.49,0.01337204859784519,False,67.15,23.374950926952568,12.906682356059775,35.53771477882405,44.924430730550554,12.797619047619047,100,28.497790868924888,60.39242527948894,99.84406040435876,42.733944369538236,42.38,52.15
SUNPHARMA,Sun Pharmaceuticals Industries Ltd,TTM,Healthcare,15.094161810671148,15.627194096293751,11.2650630655976,22.09787707720442,27.94585354218017,0.051423814535002436,65.39748953974896,Covered,11372.0,0.61,Moderate,9.18,8.91,6.27,48.58,21.65,7.34,48.67,23.52,7.65,0.5684929901064378,34.0,50308.0,11117.0,46.0,1339586.09,1264175.16,37.9,6.71,21.41,3.88,50.0,0.12297526564871863,True,65.39748953974896,16.848089811379925,10.99553765795699,74.23444851129683,74.07788348904317,11.011904761904761,100,11.708394698085419,67.23705224731917,99.32745880745495,41.5916792042209,48.17,62.92
TATACONSUM,Tata Consumer Products Ltd,TTM,Consumer Staples,7.566793298872766,9.762465444865363,4.358119014311847,7.1792354421059095,15.315702276492607,0.21654107242947002,8.686567164179104,Covered,26.0,21.43,High Quality,9.46,11.08,7.38,4.85,20.53,15.67,6.27,19.14,11.61,0.5454284586965099,64.0,16297.0,1170.0,12.0,350543.35,387549.77,54.79,7.14,24.84,1.87,50.0,0.09829821220126558,False,8.686567164179104,0.0,5.693366612092387,15.783205838177706,41.66166680951973,100.0,100,27.68777614138439,62.9781732451137,96.76252866864257,4.628184496549342,42.37,40.53
TATAMOTORS,Tata Motors Ltd,TTM,Consumer Discretionary,37.45613415294755,16.79050889790821,8.607629877598297,7.684389209677748,13.747412290568809,1.2631244259167667,7.591222712362855,Covered,45133.0,3.36,High Quality,16.48,11.01,5.28,,,9.16,,,7.51,1.1851234435931923,7.0,440061.0,33816.0,99.0,1504106.64,1588737.42,67.07,0.93,15.35,3.65,50.0,2.9591147786946737,True,7.591222712362855,72.88474364790059,12.04726475821143,17.76239846025365,100.0,51.9345238095238,100,27.172312223858615,50.0,80.5049113827826,3.9142522035836964,55.07,75.64
TATAPOWER,"Tata Power Company Ltd
",TTM,Energy,13.227840276919272,8.076006740658958,3.0779409438060035,6.935059616626502,17.415615303438393,1.659321300531586,3.2457683007254343,Covered,3569.0,-13.59,Accrual Risk,14.03,16.86,6.57,26.87,27.32,25.42,33.89,24.57,28.21,0.4419074604110633,17.0,63489.0,4403.0,12.0,1647269.48,1925345.06,14.5,3.48,12.02,0.49,50.0,1.8383701542309296,True,3.2457683007254343,12.171292428137482,4.168676717136771,14.826524876257688,51.784234736150395,0.0,100,70.25036818851252,88.79762719598449,74.35039236059582,1.0819374673983844,39.89,49.33
TATASTEEL,"Tata Steel Ltd
",TTM,Materials,-5.334926929972293,6.903867304610952,-1.823164211026616,1.1433768302173637,11.453676723435832,0.9461835171402184,3.4737625101433593,Covered,6048.0,3.04,High Quality,-3.24,9.59,4.71,-60.74,16.57,,-60.72,14.87,,0.8509498277091255,-101.0,221012.0,2527.0,2.0,369110.65,402972.23,48.97,9.23,38.87,1.0,50.0,0.8235482431462331,False,3.4737625101433593,0.0,3.108971460693896,0.0,58.86688951744235,47.172619047619044,100,16.715758468335785,47.91999391588714,85.4282688773888,1.2305413412233965,33.93,29.81
TCS,Tata Consultancy Services Ltd,TTM,Information Technology,50.944313673485176,60.2081007004365,31.689259788825343,19.440499519997463,26.813100499043962,0.0886406082507266,90.16603773584906,Covered,50429.0,1.04,High Quality,9.55,9.94,10.29,8.42,8.6,9.34,8.74,9.44,10.22,1.6559406621205455,58.0,252082.0,49006.0,135.0,461188.15,542230.13,78.69,6.08,29.94,1.62,50.0,0.08502167566132886,False,90.16603773584906,100.0,51.30014614778187,63.82284239663741,100.0,17.410714285714285,100,19.29307805596465,17.61350673054985,98.7493334371049,57.73551996385648,64.71,100.0
TECHM,Tech Mahindra Ltd,TTM,Information Technology,8.987963553189097,9.207012257755256,5.555169297086839,7.193764768656148,11.858754478237671,0.09512917619708275,24.728813559322035,Covered,5058.0,1.57,High Quality,5.53,7.32,8.78,-12.47,-0.63,3.57,-12.64,-1.98,3.48,1.2050337203643189,150.0,52476.0,3775.0,38.0,3021095.64,3131058.36,57.4,7.43,7.85,0.64,50.0,0.09812347801174617,True,24.728813559322035,1.546625666162443,5.1911937101438665,15.840131744224472,56.03839890288849,25.29761904761905,100,0.0,0.0,98.64854007549289,15.084327068151634,28.89,0.0
TITAN,"Titan Company Ltd
",TTM,Consumer Discretionary,37.2192057915469,18.891697764937202,11.081877833074461,5.955047926842704,9.620257813360755,1.653145959757266,6.877380952380952,Covered,1506.0,-0.13,Accrual Risk,23.66,20.94,16.41,13.84,16.78,14.8,15.52,16.83,15.18,1.619298190002219,28.0,54458.0,3243.0,37.0,1793769.72,2116401.21,10.13,10.51,21.0,3.1,50.0,0.7903974348156274,False,6.877380952380952,72.29102712018796,13.946902991250692,10.986838763865322,45.89011742521642,0.0,100,100.0,48.71853372880067,74.4463200538695,3.4489787604458235,47.71,41.67
TORNTPHARM,Torrent Pharmaceuticals Ltd,TTM,Healthcare,24.154025670945156,23.533737819452107,11.416752843846949,16.474960184038224,32.20668908157848,0.5866394399066511,13.44927536231884,Covered,3106.0,18.8,High Quality,9.93,7.32,9.32,33.82,12.68,9.51,33.72,12.89,9.6,0.7396070320579111,57.0,11302.0,1862.0,55.0,1870170.39,2275967.43,46.4,6.43,27.93,1.22,50.0,0.8662471765085511,True,13.44927536231884,39.5511165021149,18.143668405929862,52.203858334775845,50.46141538813177,100.0,100,0.0,33.12799452429842,91.01342364368995,7.732460214553886,48.34,64.16
TRENT,Trent Ltd,TTM,Consumer Discretionary,36.30776794493609,22.33293248582718,20.622731080703712,12.039933444259567,15.667221297836939,0.4309242871189774,16.908163265306122,Covered,841.0,1.07,High Quality,49.49,33.94,20.73,272.5,76.37,30.22,157.13,76.23,28.99,1.7278693102485339,8.0,15025.0,1809.0,51.0,571322.04,566293.08,8.65,11.82,34.65,3.46,50.0,1.7195685670261942,True,16.908163265306122,70.00706368788035,17.058046947532944,34.82742215718929,43.99017170937973,17.85714285714286,100,100.0,100.0,93.43230155837861,9.986921601194574,58.92,93.41
TVSMOTOR,TVS Motor Company Ltd,TTM,Consumer Discretionary,26.223466981132077,13.799939005794448,4.233295259851514,4.882712307046589,14.433614699435712,3.833431603773585,3.0450581395348837,Covered,-2254.0,1.53,High Quality,20.76,17.87,15.38,42.02,26.48,20.37,37.95,26.43,19.62,0.931491528650295,23.0,42886.0,2094.0,42.0,266591.41,334973.15,46.1,5.62,7.1,3.07,50.0,4.064668483197093,True,3.0450581395348837,44.73690980151469,9.343556874175214,6.785427464309128,35.14756721236536,24.702380952380956,0,77.6877761413844,85.60346794433036,40.577780623959384,0.9511170068914894,36.5,0.0
